city_name,BH_2010,BH_2020
南京市,15.63185799,22.74622866
