city,size_1,BH_2010,BH_2020,UHAE_range,UHAE_temp,range_2010,temp_2010,range_2020,temp_2020,GDP,population,风向差(绝对值),speed_2010(m/s),speed_2020(m/s),size_2,center_bh_rise(m)
南京市,large,15.63185799,22.74622866,11.62641645,1.072872128,9.334254977,0.684272142,17.66040769,1.449567671,14782.95,945.1302277,22.5,4.257058739,4.524660152,large,7.11437067
